AUTOR,TITULO
" Segal, Erich",Love Story Historia de amor (Novela)
Alvarez y Otros,Nexos (Poesía)
" Sheldon, Sidney",Mas alla de la medianoche (Novela)
" Saénz, Dalmiro",Mujer ganadora La novela de ser una misma
Quiroga Horacio,A la deriva y otros cuentos
" Allende, Isabel",La casa de los espíritus
" Montesco, Lola",Lady Di . Los Protaginstas
Cámara Argentina del Libro,Vamos a leer cuentos argentinos
Alvarez Marta,Gabriel el Enviado (Poesía)
" Luna, Félix",José de San Martín. Gendes Protagonistas de la Hist. Arg.
" Luna, Félix",Juan B. Alberdi. Grandes Protagonistas de la Hist. Arg.
" Steimbeck, John",La taza de oro (Novela histórica)
"  Haasse, Hella S.",La ciudad escarlata (Novela histórica)
" Mahfuz, Naguib",Akhenatón (Novela histórica)
" Dyer, Wayne W.",El camino de la perfección (Pensamientos que ayudan a mejorar)
" Otero,Rodolfo",El secreto del Torreón Negro
" Eddy, Paul",Una cara de la moneda
" Sueiro, Victor",Más allá de la vida
NOTICIAS Edición Homenaje,René Favaloro. De La Pampa a Los Estados Unidos
" Averbach, Luján y Otros",20 de animales
" Applegate, K. A.",Lo olvidado
" Cazenave, Walter y Otros",Epopeyas Pampeanas
" Salgari, Emilio",Los dos trigres
" Pairault, Suzanne",Lassie y Joe
" Stevenson, Robert Lois",La Isla del Tesoro
" Alcott, Luisa M.",Hombrecitos
" Twain, Mark",Aventuras de Tom Sawyer
Ediciones SOLQUIN,La Caperucita Roja
Colección Pasatiempos,Caperucita Roja
Ediciones SOLQUIN,El Patito Feo
" Andersen, H. C.",El Patito Feo
LATIN BOOKS,El Colibrí y Las Flores
" Cinetto, Liliana ",El Chivo y La Hormiga
Disney,La Bella y La Bestia
Disney,Princesa de Porcelana
" Granata, María",El Río Turuntún y una Orquesta Original
Colección Arlequín,La Sirenita
" Vigil, Constancio C.",La liebre y la tortuga
" Dalmais, Anne Marie",Piscolabis a medianoche
" Cabal, Graciela Beatriz",Una cadena muy importante
Publicaciones Fher,Peter Pan
Estrella de Mar,La Bella y La Bestia
LATINBOOKS,El respeto por la vida
Distribuidora Valenciana,Los tres cerditos
Diney,Tierra de Osos
Disney,Chicken little
Disney,Buscando a Nemo. El reencuentro
Foundatión Books S.A.,La Cenicienta
" Serrano, Maria Laura",Gatos y Gatitos
" Wadswoth, Wallace C.",Los siete gatos maravillosos
" Sonneborn, Ruth A.",Alguién está comiendo al sol
" Heap, Sue",Espera y Verás
" Asor, Mercedes",Caballito
Disney,Bambi 2
Biblioteca SALVAT,Viajes Espaciales
" Scgmitz, Siegfried",Terrario Ciencia Juvenil
" De La Grange, Francois - Reille, Antoine",Las aves y sus secretos
" León, María Teresa",El Cid Campeador
" de Carvantes Saavedra, Miguel",Rinconete y cortadillo
Biblioteca SALVAT,Viajes Espaciales
" Fernández de Moratín, Leandro",El si de las niñas
" Obligado, Rafael",Poesías completas
" Benavente, Jacinto",Los intereses creados
" De la Barca, Calderón",El Alcalde de Zalamea
" De la Barca, Calderón",La vida es sueño
" Melville, Hernán",Bartley el escribiente
" Hoffmann, E. T. A.",El Voto
Stendhal,Vanina Vanini
" Chesterton, Gilbert Keith",El Paraíso de los ladrones
" London, Jack",El hombre de la cicatriz y otras narraciones
" Hoffmann, E .T. A.",La casa vacía
" Chesterton, Gilbert Keit",Las muertes de los Pendragon
" Griene, Grahan",El Terder Hombre
" De Rojas, Fernanado",La Celestina
" De Quevedo, Francisco",La vida del buscón llamado Don Pablos
" Becquer, Gustavo A.","Rimas, Artículos y Leyendas"
" De Maupassant, Guy",Cuentos de guerra
" De Maupassant, Guy",Un parricida
Stendhal,Vanina Vanini
" García Lorca, Federico",Doña Rosita La Soltera
De Maupossant,Magnetismo y otros cuentos
" Melville, Hermann","Belly Bud, Marinero "
" García Lorca, Federico",Doña Rosita La Soltera
" Mayor de Piérola, Amanda","Amanda, dolor y esperanza"
" De Maupassant, Guy",Un Parricida
" Wells, Hebert G.",La máquina del tiempo
" Fernández de Moratín, Leandro",El Sí de las Niñas
" de L'Isle, Villiers - Philippe, Adam",Vox Populi y otros cuentos crueles
" De Maupassant, Guy",Cuentos de guerra
" Hernández, Miguel",Antología
" Melville, Herman",Benito Sereno
" De Cervantes Saavedra, Miguel",La Gitanilla
" Becquer, Gustavo Adolfo",Rimas
" Bullrich, Silvina",¿A qué hora murió el enfermo?
" Quiroga, Horacio",El Potro Salvaje
Stendhal,Los Cenci. La Duquesa de Palliano
" Terzi, Mariela - Ortega, Emilio",100 Barcos de Vapor
" Wilde, Oscar",El Fantasma de Canterville
Stendhal,Relatos
" Gorki, Maximo",Malva
" Gogol, Nicolás",El Retrato
" Kipling, Rudyard",Rikki - Tikki - Tavi y otras historias de la selva
" Conan Doyle, Arthr",El carbúmclo azul
" Bande, Manuel",Fortín La Soledad
" Valera, Juan",Pepita Jiménez
" Bullrich, Silvina",Mañana digo basta
" de Ibarbourou, Juana",Chico Carlo
" Casona, Alejandro",Los árboles mueren de pie
Asociación Santafesina de Escritores,Mesa de Homenajes
" London, Jack",Diablo
" Machado, Antonio",Antología
" de Cervantes Saavedrta, Miguel",Novelas Ejemplares
" Flavín, Martín",El Hechizado
"  London, Jack",La huelga general
" Renata, Eugenia",Podemos juntar flores
" Conrad, Josepe",La posada de las dos brujas
" Machado, antonio",Los Máximos Creadores
" Chejov, Anton",El Monje Negro
" Neruda, Pablo",Los Máximos Creadores
" Lafond, Jaques",Las mejores recetas con soja
WATCH TOWER BIBLE AND TRACT SOCIETY OF,PENNSILVANIA INTERNATIONAL BIBLE STUDENTS
" Vecchioli, Mario R.",Obra Poética édita e inédita
" Seton, Anya",Verde Oscuridad -Novela Romántica
" Bande, Manuel",Cuentos de por aquí nomas
Goethe,Werther
" Conan Doyle, Arthur",Sherlock Holmes El aristócrata solterón
" de Quincey, Thomas",La rebelión de los tártaros
" Bierce, Ambrose",Los ojos de la pantera y otros relatos
" Bierce, Ambrose",Un jinete por el cielo
" Chesterton, Gilbert Keith",El candor del Padre Brown
" Sabato, Ernesto",Informe sobre ciegos
" Bret Harte, Francis",El MONTE DEL Diablo y otros relatos
" Goglo, Nikolai V.",El Capote
" Kafka,Franz",La Metamorfosis
" Bullrich, Silvina",Los Pasajeros del Jardín
" Ribeiro, Alex",¿Quién ganó la COPA MUNDIAL?
" Puig, Manuel",Boquitas pintadas
" Ramos-Olivera, Antonio",La Vida de un Rey Memorias del duque de Windsor
Imaginador,Diseños de tortas para fiestas
" Cornwell, Patricia",Predator
" De Santais, Pablo",El enigma de París
" Colin A, Roman",Secretos del cosmos
" De Vega, Lope",FUENTEOVEJUNA
" Del Campo, Estanislao",FAUSTO
" De Rojas, Fernanado",La Celestina
" Dumas, Alejandro",Los Tres Mosqueteros
READER'S DIGEST COLECCIÓN DE LIB. SELECTOS,Libros Selectos
READER'S DIGEST COLECCIÓN DE LIB. SELECTOS,Libros Selectos
" Baum, Vicky",El lago de las damas
" Dayub, Gerardo A.",Gestión Cultural en Entre Ríos
" Beloff, Mary Ana y Otros",Cuadernos de la carcel
Ministerio de Salud y Acción Social,Funciones Esenciales de Salud Pública
" Truffer, Isabel - Storani, Silvia M.",El Campo de Ciencia y Tecnología de la UNER
" Chomsky, Noam - Petra, James - Morley, Morris",Clinton La Política del actual Gobierno de EE. UU.
" Renata, Eugenia",Podemos juntar flores PARTE 1
" Renata, Eugenia",Podemos juntar flores PARTE 2
" Renata, Eugenia",Podemos juntar flores PARTE 3
" Orgambide, Pedro",Ezequiel Martínez Estrada ANTOLIGIA
" Gorini, Ulises",Tópicos utópicos - dialogos con la izquierda europea
" Gilio, María Esther",Conversaciones
" Di Stefano, Maria",Españoles Antología de Cuentos 1980-1993
" Villafañe, Javier",Antología Personal
" Alvarez, Patricia",Ecos del Sur la otra Ecología
" Orgambide, Pedro",Gauchos y Soldados
" Tomossi, Jorge",Crónicas casi reales
" Moreno, Horacio",Lo Fantastico cuentos de realidad e imaginación
" Preidemberg, Daniel",En la noche historias despues de hora
" Dottori, Nora - Lafforgue, Jorge",Las Fronteras
" Mayer, Marcos",El Peronismo Historias de una pasión argentina
" Puiggros, Adriana - Waldman, Fabiana",La educación ¿Hacia que fututro mira?
" Shakespeare, William",Hamlet
" De Miguel, María Esther",un dandy en la corte del Rey Alfonso
" Fernández Díaz, Jorge",Mamá
" Orwell, george",1 9 8 4
" Bioy Casares, Adolfo y Borges, Jorge Luis",Los mejores cuentos Policiales (Selección)
" García Márquez, Gabriel",La mala hora
" García Márquez, Gabriel",Ojos de perro azul
" García Marquez, Gabriel",Relato de un Naufrago
" Simenon, Georges",El asesino del canal
" Puzo, Mario",Los Tontos Mueren
" Miller, Henry",La crucifixión rosada NEXUS
" Wesr, Morris",El Navegante
" Kinsale, Laura",El corazón escondido
" Fernanadez De La Reguera, Ricardo",Experimento
Historias Bíblicas,Mi libro de Historias Bíblicas
" de Wahite, Elena G.",El Camino a Cristo
" Sagan, Carl",La conexión cósmica
" McNaught, Judith",Mentira de Amor
" Maurois, Andre",Napoleón
" Camus, Albert",La peste
" Heller, Jane",Falsa identidad
" Parquer, Alan",El beso del Incauto
" Crusie, jennifer",La falsificadora (grandes novelistas)
" Conan Doyle, Arthur",El regreso de Sherlock Holmes
" Poe, Edgar Alan",Cuentos de humor y sátira
" Quinn, Daniel",A.D. El año que cambió el mundo (grandes novelistas)
" Conan Doyle, Arthur",Relatos de misterio
"Christie, Agatha",El misterio del tren azul
" Christie, Agatha",Intriga en Bagdad
" Christie, Agatha",Los elefantes pueden recordar
" Christie, Agatha",El espejo roto
" Christie, Agatha",Cianuro espumoso
" Poe, Edgar Alan",Cuentos de horror y misterio
" Lapajufker, Marcelo",Hay dos cartas sin abrir
" Feinmann, José Oablo",Peronismo Filosofía polítiva de una persistencia argentina
" Rozitchner, Leon",Las desventuras del sujeto político
" Alvarado, Maite",El Lecturón II La máquina de hacer lectores
" Chapra, Steven C. - Canale, Raymond P.",Métodos numéricos para ingenieros
" Osorio, Fernanado",¿Qué función cumplen los padres de un niño?
" Coelho, Paulo",Palabras esenciales II
" Devetach, Laura",Cuento de los enrredos
" Cortázar, Julio",Cuentos completos 1
" Balagurusamy, E.",Programación orientada a objetos con c++
" Grimaldi, Ralph P.",Matemáticas discreta y combinatoria
QUINO,Mafalda inedita
QUINO,Humano se nace
" Fazzio, Adriana","Niñez, Familia y Derechos Humanos"
" Coelho, Paulo",La Bruja de Portobello
" De Santis, Pablo",Los anticuarios
" Cook, Robin",Cuerpo extraño
" Hood, Robin",El Proscipto
" Allende, Isabel",El plan infinito
" Cooh, Robin",ADN
" Freire, Hector J.",El Cine en su laberinto
" Castellano, Emanuel",El libro mágico de Harry Potter
" Rowling, J. K.",Harry Potter y el cáliz de fuego
" Rowling, J. K.",Harry Potter y el prisionero de Azkaban
" García Márquez, Gabriel",El amor en los tiempos del cólera
" Piglia, Ricardo",Blanco nocturno
" Piglia, Ricardo",Plata quemada
" Bonasso, Miguel",Diario de un clandestino
" Balmaceda, Daniel",Biografía no autorizada de 1910
" Galeano, Eduardo",El libro de los abrazos
" Devetach, Laura",Cuentos del Paí Luchi
" García Márquez, Gabriel",Vivir para contarla
" García Márquez, Gabriel",Cien años de soledad
" Stamateas, Bernardo",AUTOBOICOT Cuando el tóxico es uno mismo
" Brown, Dan",El  Código Da Vinci
" De Santis, Pablo",Páginas mezcladas
" De Santis, Pablo",Desde el ojo del pez
" Rapoport, Mario",Las políticas económicas de la Argentina
" Sabato, Hilda",Pueblo y Política la construcción de la Arg. Moderna
" Arreche, Araceli y Otros",El Teatro y Los Niños
" Rowling, J. K.",Harry Potter y las reliquias de la muerte
" Brown, Dan",Angeles y Demonios
" Stamateas, Alejandra",Mi cuerpo Mi cárcel
" Stamateas, Bernardo",Gente Toxica
" Salinas, Silvia - Bucay, Jorge",Amarse con los ojos abiertos
" Allende, Isabel",Retrato en sepia
QUINO,Mafalda
" García Márquez, Gabriel",Yo no vengo a decir un discurso
" Galeano, Eduardo",Las venas abiertas de América Latina
" Rowling, J.K.",Harry Potter y la piedra filosofal
"Rowling, J.K.",Harry Potter y la cámara secreta
Nik,Gaturro y los piratas del tesoro perdido
Nik,Gaturro y la noche de los vampiros
" Allende, Isabel",Mi país inventado
" Armstrong, Lance",Mi vuelta a la vida
" Saint -Exupery, Antoine",El Principito
Nik,Gaturro y la noche de los vampiros
Nik,Gaturro y los piratas del tesoro perdido
" Lambert, Alibel",
"Schreiber, Jürgen",La mujer que vengó al Che Guevara
" Hosseini, Khaled",Cometas en el cielo
" Rolón, Gabriel",Los padecientes
" Aguinis, Marcos",La matriz del infierno
" Allende, Isabel",El plan infinito
" Allende, Isabel",Cuentos de Eva Luna
" Allende, isabel",Eva Luna
" Allende, Isabel",La casa de los espíritus
" Meyer, Stephenie",Amanecer
" Meyer, Stephenie",Luna nueva
Argentina Códigos,Código Penal
Argentina Códigos,Código Civil y Comercial de la Nación
" Montes, Graciela Silvia",La batalla de los monstruos y las hadas
" Capusotto, Diego - Saborido, Pedro",Peter Capusotto
" Paz, Carlos",Efemérides Literarias Argentinas
" Forn, Juan y Otros",La guerra de Malvinas (Argentina 1982)
" Feinmann, José Pablo",Timote Secuestro y muerte del General Aramburu
" Pigna, Felipe",Los Mitos de la Historia Argentina
" Forn, Juan y Otros",La guerra de Malvinas (Argentina 1982)
" Lanata, jorge",Polaroides
" Soriano, Osvaldo","Reveldes, soñadores y fugitivos"
" Soriano, Osvaldo",No habrá más penas ni olvido
" Bucay, Jorge",El elefante encadenado
" Luna, Félix",Historia integral de la Argentina Tomo 2
" Luna, Félix",Histria integral de la Argentina
" de Vasconcelos, José Mauro",Mi planta naranja-lima
" Carrizo De La Canal, Gustavo ",DINOSAURIOS gigantes de la Prehistoria
" de Vasconcelos, José Mauro",Mi planta naranja-lima
" de Vasconcelos, José Mauro",Vamos a calentar el sol
" Luna, Félix",Historia integral de la Argentina secreta Tomo 3
" Freire, Paulo",La importancia de leer y el proceso de liberación
" Kipling, Rudyard",Historias presisamente así
" Castelain-Meunier, Chiristine","Padres, Mdres, Hijos"
" Civale, Cristina",Niños lejos de Disneylandia
" Carbajal, Mariana",El aborto en debate
" Rey, María Esther",Didáctica de la matemática   Primer Ciclo
" Archanco, Pamela",Atrapafaltas  Ortografía 4
" Archanco, Pamela",Atrapafaltas   Ortografía 5
" Freire, Paulo",La educación como practica de la libertad
" Romero, Luis Alberto",La crisis argentina Una mirada al siglo XX
" Bayer, Osvaldo",La Patagonia rebelde
" de Vasconcelos, José Mauro",Vamos a calentar el sol
" Delgado, Josefina",Alfonsina Storni  Una Biografía esencial
" Macri, Mariela y Otros",El trabajo infantil no es juego
" de Vasconcelos, José Mauro",Vamos a calentar el sol
" Preisz, Carlos Oscar",Pelajes del caballo
" Vaca, Pablo",Aperos criollos
" Delgado, María Angélica y Otros",Lengua 4 ideas en la cabeza
" Delgado, María Angélica y Otros",Lengua 5 ideas en la cabeza
" Andrés, Marina E. y Otros",Matemática 5 ideas en la cabeza
" Fariña, Mabel B. y Otros",Ciencias Sociales ideas en la cabeza
Ediciones Banco Velox,Pintura Argentina Candido López  CUADERNO 2
Ediciones Banco Velox,Pintura Argentina Quinquela y Victoria  CUADERNO 3
Ediciones Banco Velox,Pintura Argentina Expresiones Metafísicas CUADERNO 5
Ediciones Banco Velox,Pintura Argentina Spilimbergo y Guttero CUADERNO 6
Ediciones Banco Velox,Pintura Argentina Precursores II CUADERNO 7
Ediciones Banco Velox,Pintura Argentina Nueva GeneraCIóN CUADERNO 8
Ediciones Banco Velox,Pintura Argentina Pintores de la Boca II CUADERNO 12
Equipo TIKAL,Los Aztecas
Equipo Tikal,Los Incas
"  Quiroga, Horacio",Cuentos de la Selva
" Lejarraga, Horacio",Desarrollo del niño en contesto
" Wilde, Oscar",El fantasma de Canterville
" Di Meglio, Gabriel",¡Viva el bajo pueblo!
" Wilde, Oscar",El fantasma de Caterville
" Halperín Donghi, Tulio",La República imposible (1930 - 1945)
" Chiaramonte, José Carlos","Ciudades, Provincias, Estados: Orígenes de la Nación Argentina."
" de Vasconcelos, José Mauro",Vamos a calentar el sol
" de Vasconcelos, José Mauro",Mi planta naranja-lima
" Frank, Anne",El diario de Ana Frank
" Buchbinder, Pablo",Historia de las Universidades Argentinas
" Martin, Gerald","Gabriel García Márquez, Una vida"
" Aguinis, Marcos",Profanación del amor
" Theorin, Johan",La tormenta de nieve
" Clark, Mary Higgins",Mentiras de sangre
" Lamborghini, Osvaldo",Novelas y cuentos II
" Rivero, Viviana",Y ellos se fueron
" Allende, Isabel",Paula
" Sehinkman, Diego",Qué tienen los plíticos en la cabeza?
" Caygill, Howard - Coles, Alex  y  Klimowski, Andrzej",Walter Benjamin Para principiantes
" Leader, Darian - Groves, Judy",Lacan Para principiantes
"Cherniavsky, Axel - Alcantea, Enrique",Spinoza Para principiantes
" Sinay, Sergio - Scenna, Miguel Angel",Che Guevara Para principiantes
" Spencer, Llooyd - Krauze, Andrzej",Hegel Para principiantes
" McEvoy, J. P. - Zárate, Oscar",Teoría Cuántica Para principiantes
" Garvie, Alejandro - Sanyé",Economía Desde la antigua Grecia hasta la Crisis de la globalización
" Ali, Teriq - Evans, Phil",Trotsky Para principiantes
" Stengel, Marilen - Rey, Diego",Literatura Universal  Tomo II Movimientos y autores del siglo XX
" Sautet, Marc - Boussignac, Patrick",Nietzsche Para principiantes
" Larsson, Stieg",Los hombres que no amaban a las mujeres
" Larsson, Stieg",La chica que soñaba con una cerilla y un bidón de gasolina
" Eco, Humberto",El cementerio de Praga
" Bonelli, Florencia",Indias Blancas La vuelta del ranquel
" Bonelli, Florencia",Indias Blancas
" Mandela, Nelson",Conversaciones conmigo mismo
" Randazzo, Florencio",Mejor que decir
" Bonasso, Miguel",Diario de un clandestino
" Solá, María Delia",Aborígenes Argentinos
" Marx, Karl",El capital Pensadores universales
" Ingenieros, José",El hombre mediocre Pensadore universales
" Hosseini, Khaled",Cometas en el cielo
" Smith, Wilbur",Tiempo de morir
" Segal, Erich",Love Story Historia de amor (Novela)
" Segal, Erich",Love Story Historia de amor (Novela)
" Segal, Erich",Love Story Historia de amor (Novela)
" Segal, Erich",Love Story Historia de amor (Novela)
" Allende, Isabel",La casa de los espíritus
" Segal, Erich",Love Story Historia de amor (Novela)
