FECHA,AUTOR,TITULO,EDITORIAL,ISBN,D,PERSONA,ESTADO,USUARIO
2008-11-26," Segal, Erich","Love Story Historia de amor (Novela)"," Argentina : EMECE Ed. S.A., 1970. ","ISBN :",D,"Pucci Nelida",Prestado,
2008-11-16,"Alvarez y Otros","Nexos (Poesía)"," Argentina :  PANORAMA GRAFICO, 1998. ","ISBN : 987-96190-9-9",D,"Pucci Nelida",Disponible,
2008-11-26," Sheldon, Sidney","Mas alla de la medianoche (Novela)"," Argentina : Emecé S.A., 1974. ","ISBN : 950-04-0085-0",D,"Pucci Nelida",Disponible,
2008-11-26," Saénz, Dalmiro","Mujer ganadora La novela de ser una misma"," Argentina : Ed. Planeta, 1996. ","ISBN : 950-742-719-8",D,"Pucci Nelida",,
2008-11-26,"Quiroga Horacio","A la deriva y otros cuentos"," Argentina : Losada, 2001. ","ISBN : 84-95594-64-1",D,"Pucci Nelida",,
2008-11-26," Allende, Isabel","La casa de los espíritus"," Agentina : Ed. SUDAMERICANA, 1991. ","ISBN : 950-07-0291-6",D,"Pucci Nelida",,
2008-11-26," Montesco, Lola","Lady Di . Los Protaginstas"," Argentina : Ed. CINCO E.C.S.A., 2004. ","ISBN : 987-1129-14-9",D,"Pucci Nelida",,
2008-11-26,"Cámara Argentina del Libro","Vamos a leer cuentos argentinos"," Argentina : Arco Iris Impresiones S.A., 2001. ","ISBN : 950-9394-35-1",D,"Pucci Nelida",Disponible,
2008-11-26,"Alvarez Marta","Gabriel el Enviado (Poesía)"," Argentina : Paraná, 1998. ","ISBN : 950-43-9122-2",D,"Pucci Nelida",,
2008-11-26," Luna, Félix","José de San Martín. Gendes Protagonistas de la Hist. Arg."," Argentina : Grupo Ed. Planeta, 2004. ","ISBN : 950-49-1246-X",D,"Pucci Nelida",,
2008-11-26," Luna, Félix","Juan B. Alberdi. Grandes Protagonistas de la Hist. Arg."," Argentina : Grupo Ed. Planeta, 2004. ","ISBN : 950-49-1256-7",D,"Pucci Nelida",,
2008-11-26," Steimbeck, John","La taza de oro (Novela histórica)"," Argentina : Ed., 2006. ","ISBN : 987-04-0451-0",D,"Pucci Nelida",,
2008-11-26,"  Haasse, Hella S.","La ciudad escarlata (Novela histórica)"," Argentina : Aguilar, Altea, Taurus, Alfaguara, 2006 ","399p. ; 20cm.",,,,
2008-11-26," Mahfuz, Naguib","Akhenatón (Novela histórica)"," Argentina : Aguilar, Altea, Taurus, Alfaguara, 2006","174p. ; 20cm.",,,,
2008-11-26," Dyer, Wayne W.","El camino de la perfección (Pensamientos que ayudan a mejorar)"," España : Ed. Grijalbo, 1995. ","ISBN : 84-253-2629-X",D,"Pucci Nelida",,
2008-11-26," Otero,Rodolfo","El secreto del Torreón Negro"," Argentina : Ed.LOSADAS.A., 2002. ","ISBN : 950-03-7810-8",D,"Pucci Nelida",,
2008-11-26," Eddy, Paul","Una cara de la moneda"," Argentina : HISPAMERICA, 1983. ","ISBN : 950-614-020-0",D,"Pucci Nelida",,
2008-11-26," Sueiro, Victor","Más allá de la vida"," Argentina : Ed. Planeta, 1990. ","ISBN : 950-742-021-2",D,"Pucci Nelida",Disponible,
2009-11-26,"NOTICIAS Edición Homenaje","René Favaloro. De La Pampa a Los Estados Unidos"," Argentina : Ed. Perfil, 2000. ","ISBN : 950-639-520-9",D,"Pucci Nelida",,
2009-12-02," Averbach, Luján y Otros","20 de animales"," Argentina :  Ed. Sudamericana S.A., 1997. ","ISBN : 950-07-1368-3",D,"Graciela I. de Genolet",,
2009-12-02," Applegate, K. A.","Lo olvidado"," Argentina : ENECE, 1997. ","ISBN : 950-04-2165-8",D,"Graciela I. de Genolet",,
2009-12-02," Cazenave, Walter y Otros","Epopeyas Pampeanas","Argentina : Instituto Movilizador de Fondos Cooperativos","Subsc. De Cultura de La Pampa",,,,
2009-12-02," Salgari, Emilio","Los dos trigres"," Argentina : Ed. Atlántida, 1974. ",,,,,
2009-12-02," Pairault, Suzanne","Lassie y Joe"," Argentina : KAPELUSZ,1964. ",,,,,
2009-12-02," Stevenson, Robert Lois","La Isla del Tesoro"," Argentina : Ed. Difusión S.A., 1967. ",,,,,
2009-12-02," Alcott, Luisa M.",Hombrecitos," Argentina : Ed. Difusión S.A., 1966. ",,,,,
2009-12-02," Twain, Mark","Aventuras de Tom Sawyer"," Argentina : Ed. Atlántida, 1943. ",,,,,
2009-12-02,"Ediciones SOLQUIN","La Caperucita Roja"," Barcelona : Ed. ULTRAMAR S.A., 2000  ",,,,,
2009-12-02,"Colección Pasatiempos","Caperucita Roja"," España : Ed. Saldaña S.A., ","ISBN : 84-7297-161-9",D,"Graciela I. de Genolet",,
2009-12-02,"Ediciones SOLQUIN","El Patito Feo"," Barcelona : Ed. ULTRAMAR S.A., 2000. ",,,,,
2009-12-02," Andersen, H. C.","El Patito Feo"," España : Ed. Sirven Grafic S. A., 1989. ","ISBN : 84-7712-226-1",D,"Graciela I. de Genolet",,
2009-12-02,"LATIN BOOKS","El Colibrí y Las Flores"," Uruguay : Ed. SUDAMER S.A., ","ISBN : 9974-7729-1-5",D,"Graciela I. de Genolet",,
2009-12-02," Cinetto, Liliana ","El Chivo y La Hormiga","Uruguay : Ed. SUDAMER S. A., ","ISBN : 9974-7730-2-4",D,"Graciela I. de Genolet",,
2009-12-02,Disney,"La Bella y La Bestia"," Argentina : Ed. Norma, 1992. ","isbn : 958-04-1956-6",D,"Graciela I. de Genolet",,
2009-12-02,Disney,"Princesa de Porcelana"," Argentina : Ed. Planeta DeAgostini, ","ISBN : 84-395-3139-X",D,"Graciela I.de Genolet",,
2009-12-02," Granata, María","El Río Turuntún y una Orquesta Original"," Argentina : Ed. Signar S.A., 1997. ","isbn : 950-11-1116-4",D,"Graciela I. de Genolet",,
2009-12-02,"Colección Arlequín","La Sirenita"," España : Ed. Susaeta, ",,,,,
2009-12-02," Vigil, Constancio C.","La liebre y la tortuga"," Argentina : Ed. Atlántida,1963. ",,,,,
2009-12-02," Dalmais, Anne Marie","Piscolabis a medianoche"," España : Ed. EVEREST S.A., 1984. ","ISBN : 84-241-2224-2",D,"Graciela I. de Genolet",,
2009-12-02," Cabal, Graciela Beatriz","Una cadena muy importante","La Cadena Alimentaria"," Argenytina : ALFAGUARA, 1988. ; il. ; 39p. ; 21 c",,,,
2009-12-02,"Publicaciones Fher","Peter Pan"," España : Ed. Fher S.A., ","ISBN : 84-243-3448-5",D,"Graciela I. de Genolet",,
2009-12-02,"Estrella de Mar","La Bella y La Bestia"," España _ Es susaeta S.A., ","ISBN : 84-305-8095-6",D,"Graciela I. de Genolet",,
2009-12-02,LATINBOOKS,"El respeto por la vida"," Uruguay : Ed. SUADAMER S.A., ","ISBN : 9974-7724-8-6",D,"Graciela I. de Genolet",,
2009-12-02,"Distribuidora Valenciana","Los tres cerditos"," España : Aldoy Grafic, ","ISBN : 84-932708-9-X",D,"Graciela I. de Genolet",Disponible,rodriaz
2009-12-02,Diney,"Tierra de Osos"," Argentina : Ed. Sigmar S.A., 2003. ","ISBN : 950-11-1653-0",D,"Graciela I. de Genolet",,
2009-12-02,Disney,"Chicken little"," Argentina : Ed. Sigmar S.A., 2006. ","ISBN : 950-11-1875-4",D,"Graciela I. de Genolet",,
2009-12-02,Disney,"Buscando a Nemo. El reencuentro"," Argentina : Ed. Sigmar S.A., 2005. ","ISBN : 950-11-1636-0",D,"Graciela I. de Genolet",,
2009-12-02,"Foundatión Books S.A.","La Cenicienta"," Brasil : Ed. Comphania Melhoramentos, 1995. ","ISBN : 956-7240-46-9",D,"Graciela I. de Genolet",,
2009-12-02," Serrano, Maria Laura","Gatos y Gatitos"," Argentina : Ed. Sigmar S.A., 1984. ","ISBN : 950-11-0128-2",D,"Graciela I. de Genoñet",,
2009-12-02," Wadswoth, Wallace C.","Los siete gatos maravillosos"," Argentina : Ed. Sigmar S.A., 1978. ",,,,,
2009-12-02," Sonneborn, Ruth A.","Alguién está comiendo al sol"," Argentina : Ed. Sigmar S.A., 1978. ",,,,,
2009-12-02," Heap, Sue","Espera y Verás"," Argentina : Ed. Sudamericana, 2001. ","ISBN : 950-07-2025-9",D,"Graciela I. de Genolet",,
2009-12-02," Asor, Mercedes",Caballito," España : Ed. Betis, ","ISBN : 84-7160-073-0",D,"Graciela I. de Genolet",,
2009-12-02,Disney,"Bambi 2"," Argentina : Ed. Sigmar S.A., 2006. ","ISBN : 950-11-1951-3",D,"Graciela I. de Genolet",,
2009-12-02,"Biblioteca SALVAT","Viajes Espaciales"," España : Ed. SALVAT, 1976. ","ISBN : 84-345-7411-X",D,"Graciela I. de Genolet",,
2009-12-02," Scgmitz, Siegfried","Terrario Ciencia Juvenil"," Argentina : Ed. Cincel, 1974. ","ISBN : 84-7046-060-9",D,"Graciela I. de Genolet",,
2009-12-02," De La Grange, Francois - Reille, Antoine","Las aves y sus secretos"," España : ed. Fher S.A., 1976. ","ISBN : 84-243-1157-4",D,"Graciela I. de Genolet",,
2009-04-28," León, María Teresa","El Cid Campeador"," Argentina : Comp.Gral. Fabril Ed., 1976. ",,,,,
2009-04-28," de Carvantes Saavedra, Miguel","Rinconete y cortadillo"," España : KAPELUSZ, 1962. ",,,,Disponible,juan
2009-04-28,"Biblioteca SALVAT","Viajes Espaciales"," España : Ed. SALVAT, 1973. ","ISBN : 84-345-7411-X",D,"B.P. ORIENTECION",,
2009-04-28," Fernández de Moratín, Leandro","El si de las niñas"," Argentina : Ed. Sopena, 12969. : 141p. ",,,,,
2009-04-28," Obligado, Rafael","Poesías completas"," Argentina : Ed. Sopena, 1963. ",,,,,
2009-04-28," Benavente, Jacinto","Los intereses creados"," Argentina : SALVAT Editores, 1970. ",,,,,
2009-04-28," De la Barca, Calderón","El Alcalde de Zalamea"," Argentina : Ed. PLUS ULTRA, 1977. ",,,,,
2009-04-28," De la Barca, Calderón","La vida es sueño"," Argentina : SALVAT EDITORES S.A., 1970. ",,,,,
2009-04-28," Melville, Hernán","Bartley el escribiente"," Argentina : Ed. Cátedra - Página/12, ","ISBN : 950-695-106-7",D,"B.P. ORIENTACION",,
2009-04-28," Hoffmann, E. T. A.","El Voto"," Argentina : Ed. Alianza S.A.-Página/12, ","ISBN :  950-695-124-1",D,"B.P. ORIENTQCION",,
2009-04-28,Stendhal,"Vanina Vanini"," Argentina : Ed. Alianza S.A,-Página/12, ","ISBN : 950-695-100-8",D,"B.P. ORIENTACION",,
2009-04-28," Chesterton, Gilbert Keith","El Paraíso de los ladrones"," Argentina : Ed. Alianza S.A.-Página/12, ","ISBN : 950-685-116-0",D,"B.P. ORIENTACION",,
2009-04-28," London, Jack","El hombre de la cicatriz y otras narraciones"," Argentina : Ed. Alianza S.A.-página/12, ","ISBN : 950-695-147-0",D,"B.P. ORIENTACION",,
2009-04-28," Hoffmann, E .T. A.","La casa vacía"," Argentina : Ed. Alianza S.A.-Página/12, ","ISBN : 950-695-119-5",D,"B.P. ORIENTACION",,
2009-04-28," Chesterton, Gilbert Keit","Las muertes de los Pendragon"," Argentina : Ed. Alianza S.A.-Página/12, ","ISBN : 950-695-141-1",D,"B.P. ORIENTACION",,
2009-04-28," Griene, Grahan","El Terder Hombre"," Argentina : Ed. Alianza S.A.-Página/12, ","ISBN : 950-695-047-4",D,"B.P. ORIENTACION",,
2009-04-28," De Rojas, Fernanado","La Celestina"," Argentina : C. Ed. De América Latina, 1969. ",,,,,
2009-04-28," De Quevedo, Francisco","La vida del buscón llamado Don Pablos"," Argentina : Salvat Editores S.A., 19969. ",,,,,
2009-04-28," Becquer, Gustavo A.","Rimas, Artículos y Leyendas"," Argentina : Ed. Difusión, 1953. ",,,,,
2009-04-28," De Maupassant, Guy","Cuentos de guerra"," Argentina : Ed. E. Rei Arg. S.A.-Página/12, ","ISBN : 950-695-091-1",D,"B.P. ORIENTACION",,
2009-04-28," De Maupassant, Guy","Un parricida"," Argentina : Ed. Alianza S.a.-Página/12, ","ISBN : 950-695-135-7",D,"B.P ORIENTACION",,
2009-04-28,Stendhal,"Vanina Vanini"," Argentina : Ed. Alianza S.A.-Página/12, ","ISBN : 950-695-100-8",D,"B.P. ORIENTACION",,
2009-04-28," García Lorca, Federico","Doña Rosita La Soltera"," Argentina : Ed.Losada S.A.-Página/12, ","ISBN : 950-695-075-X",D,B.P.ORIENTACON,,
2009-04-28,"De Maupossant","Magnetismo y otros cuentos"," Argentina : Ed. Alianza S.A.-Página/12, ","ISBN : 950-695-140-3",D,"B.P. ORIENTACION",,
2009-04-28," Melville, Hermann","Belly Bud, Marinero "," Argentina : Ed. Catedra S.A.-Página/12, ","ISBN : 950-695-077-6",D,"B.P. ORIENTACION",,
2009-04-28," García Lorca, Federico","Doña Rosita La Soltera"," Argentina : Ed. Losada S.A.-Página/12, ","ISBN : 950-695-075-X",D,"B.P. ORIENTACION",,
2009-04-28," Mayor de Piérola, Amanda","Amanda, dolor y esperanza",Argentina,"ISBN : 978-987-24913-7-684-305-8095-6",D,"B.P. ORIENTACION",,
2009-04-28," De Maupassant, Guy","Un Parricida"," Argentina : Ed. Alianza S.A.-Página/12, ","ISBN : 950-695-135-7",D,"B.P. ORIENTACION",,
2009-04-28," Wells, Hebert G.","La máquina del tiempo"," Argentina : Ed. Nuevo Siglo S.A., 1995. ","ISBN : 987-9049-96-9",D,"B.P. ORIENTACION",,
2009-04-28," Fernández de Moratín, Leandro","El Sí de las Niñas"," Argentina : Ed. Colihue, 1981. ",,,,,
2009-04-28," de L'Isle, Villiers - Philippe, Adam","Vox Populi y otros cuentos crueles"," Argentina : Ed. Alianza S.A.-Página/12, ","ISBN : 950-695-133-0",D,"B.P. ORIENTACION",,
2009-04-28," De Maupassant, Guy","Cuentos de guerra"," Argentina : Ed. E. Rei S.A.-Página/12, ","ISBN : 950-695-091-1",D,"B.P. ORIENTACION",,
2009-04-28," Hernández, Miguel",Antología," Argentina : Ed. Losada S.A.-Página/12, ","ISBN : 950-695-099-7",D,"B.P ORIENTACION",,
2009-04-28," Melville, Herman","Benito Sereno"," Argentina : Ed. Nuevo Siglo S.A., 1995, ","ISBN : 987-9049-60-8",D,"B.P. ORIENTACION",,
2009-04-28," De Cervantes Saavedra, Miguel","La Gitanilla"," Argentina : Ed. KAPELUSZ S.A., 1965. ",,,,,
2009-04-28," Becquer, Gustavo Adolfo",Rimas," Argentina : Ed. Alianza S.A.-Página/12, ","ISBN : 950-695-143-4",D,"B.P. ORIENTACION",,
2009-04-28," Bullrich, Silvina","¿A qué hora murió el enfermo?"," Argentina : Ed. Rapiri S.A., 1984. ","ISBN : 950-19-0171-8",D,"B.P. ORIENTACION",,
2009-04-28," Quiroga, Horacio","El Potro Salvaje"," Argentina : Ed. Alianza S.A.-Página/12, ","ISBN : 950-695-125-X",D,"B.P. ORIENTACION",,
2009-04-28,Stendhal,"Los Cenci. La Duquesa de Palliano"," Argentina : Ed. Alianza S.A.-Página/12, ","ISBN : 950-695-107-5",D,"B.P. ORIENTACION",,
2009-04-28," Terzi, Mariela - Ortega, Emilio","100 Barcos de Vapor"," España . Ediciones S. M., 1987. ","ISBN : 84-348-2031-5",D,"B.P. ORIENTACION",,
2009-04-28," Wilde, Oscar","El Fantasma de Canterville"," Argentina : Ed. E. Rei-Página/12, ","ISBN : 950-695-064-4",D,"B.P. ORIENTACION",,
2009-04-28,Stendhal,Relatos,"Argentina : Ed. Salvat, 1970. ",,,,,
2009-04-28," Gorki, Maximo",Malva," Argentina : Ed. Antártica S.A.-Página/12, ","ISBN : 950-03-154-3",D,"B.P. ORIENTACION",,
0000-00-00," Gogol, Nicolás","El Retrato"," Argentina : Ed. Alianza S.A.-Página/12, ","ISBN : 950-695-136-5",D,"B.P. ORIENTACION",,
2009-04-28," Kipling, Rudyard","Rikki - Tikki - Tavi y otras historias de la selva"," Argentina : Ed. Alianza S.A.-Página/12, ","ISVN : 950-695-144-6",D,"B.P. ORIENTACION",,
2009-04-28," Conan Doyle, Arthr","El carbúmclo azul"," Argentina : Ed.Alianza S.A.-Página/12, ","ISBN : 950-695-127-6",D,"B.P. ORIENTACION",,
2009-04-28," Bande, Manuel","Fortín La Soledad"," Argentina : Imprenta Lux S.R.L., 1994. ","ISBN : 950-43-5467-X",D,"B.P. ORIENTACION",,
2009-04-28," Valera, Juan","Pepita Jiménez"," Argentina : Ed. Losada S.A.,1939. ",,,,,
2009-04-28," Bullrich, Silvina","Mañana digo basta"," Argentina : Ed. Sudamericana, 1975. ",,,,,
2009-04-28," de Ibarbourou, Juana","Chico Carlo"," Argentina : Ed. KAPELUSZ, 1958. ",,,,,
2009-04-28," Casona, Alejandro","Los árboles mueren de pie"," Argentina : Ed. Losada S.A., 1984. ",,,,,
2009-04-28,"Asociación Santafesina de Escritores","Mesa de Homenajes"," Argentina : Imprenta Lux, 1997. ",,,,,
2009-04-28," London, Jack",Diablo," Argentina : Ed. Rei-página/12, ","ISBN : 950-695-067-9",D,"B.P. ORIENTACION",,
2009-04-28," Machado, Antonio",Antología," Argentina : Ed. Losada S.A.-Página/12, ","ISBN : 950-695-088-1",D,"B.P. ORIENTACION",,
2009-04-28," de Cervantes Saavedrta, Miguel","Novelas Ejemplares"," Argentina : Ed. Sopena S.A., 1958. ",,,,,
2009-04-28," Flavín, Martín","El Hechizado"," Argentina : Ed. Sudamericana, 1984. ",,,,,
2009-04-28,"  London, Jack","La huelga general"," Argentina : Ed. Rei-Página/12, ","ISBN : 950-695-126-8",D,"B.P. ORIENTACION",,
2009-04-28," Renata, Eugenia","Podemos juntar flores"," Argentina : Imp. Lux, 2005. ","ISBN : 987-43-9485-4",D,"B.P. ORIENTACION",,
2009-04-28," Conrad, Josepe","La posada de las dos brujas"," Argentina : Ed. Alianza S.A.-página/12, ","ISBN : 950-695-103-2",D,"B.P ORIENTACION",,
2009-04-28," Machado, antonio","Los Máximos Creadores"," Argentina : Ed. Perfil S.A., 1997. ","ISBN : 950-639-031-2",D,"B.P. ORIENTACION",,
2009-04-28," Chejov, Anton","El Monje Negro"," Argentina : Ed. Alianza S.A.-Página/12, ","ISBN : 950-695-055-5",D,"B.P. ORIENTACION",,
2009-04-28," Neruda, Pablo","Los Máximos Creadores"," Argentina : Ed. Perfil S.A., 1997. ","ISBN : 950-639-032-0",D,B.P.ORIENTACION,,
2009-04-28," Lafond, Jaques","Las mejores recetas con soja"," Argentina : Gama Prod. Gráfica, 2002. ","ISBN : 950-768-398-4",D,"B.P. ORIENTACION",,
2009-04-28,"WATCH TOWER BIBLE AND TRACT SOCIETY OF","PENNSILVANIA INTERNATIONAL BIBLE STUDENTS",ASSOCIATION,"La vida … ¿Cómo se presentó aquí? ¿Por evolución ,",,,,
2009-04-28," Vecchioli, Mario R.","Obra Poética édita e inédita"," Argentina : Ed. Municipalidad de Rafaela, 1981.","328 p. ; 26 cm.",D,"B.P. ORIENTACION",,
2009-04-28," Seton, Anya","Verde Oscuridad -Novela Romántica"," Argentina : Emecé, 1979. ",,,,,
2009-04-28," Bande, Manuel","Cuentos de por aquí nomas"," Argentina : Imp. Lux, 1996. ","ISBN : 987-99646-3-2",D,"B.P. ORIENTACION",,
2009-04-28,Goethe,Werther," Argentina : SALVAT Editores S.A., 1969. ",,,,,
2009-04-28," Conan Doyle, Arthur","Sherlock Holmes El aristócrata solterón"," Argentina : Ed. Alianza S.A.-Página/12, ","ISBN :950-695-134-9",D,"B.P. ORIENTACION",,
2009-04-28," de Quincey, Thomas","La rebelión de los tártaros"," Argentina : Ed. Rei S.A.-Página/12, ","ISBN : 950-695-159-4",D,"B.P. ORIENTACION",,
2009-04-28," Bierce, Ambrose","Los ojos de la pantera y otros relatos"," Argentina : Ed. Rei-Página/12, ","ISBN : 950-695-131-4",D,"B.P. ORIENTACION",,
2009-04-28," Bierce, Ambrose","Un jinete por el cielo"," Argentina : Ed. Alianza S.A.-Página/12, ","ISVN : 950-695-132-0",D,"B.P. ORIENTACION",,
2009-04-28," Chesterton, Gilbert Keith","El candor del Padre Brown"," Argentina : Ed. Alianza S.A.-Página/12, ","ISBN : 950-695-059-8",D,"B.P. ORIENTACION",,
2009-04-28," Sabato, Ernesto","Informe sobre ciegos"," Argentina : Rd. Espasa Calpe-Página/12, ","ISBN : 987-9015-06-1",D,"B.P. ORIENTACION",,
2009-04-28," Bret Harte, Francis","El MONTE DEL Diablo y otros relatos"," Argentina : Ed. Rei-Página/12, ","ISBN : 950-695-079-C",D,"B.P. ORIENTACION",,
2009-04-28," Goglo, Nikolai V.","El Capote"," Argentina : Ed. Rei-Página/12, ","ISBN : 950-695-120-9",D,"B.P. ORIENTACION",,
2009-04-28," Kafka,Franz","La Metamorfosis"," Argentina : Ed. Cátedra S.A.-Página/12, ","ISBN : 950-695-053-9",D,"B.P. ORIENTACION",,
2009-04-28," Bullrich, Silvina","Los Pasajeros del Jardín","Argentina : Emecé Editores, 1971. ",,,,,
2009-04-28," Ribeiro, Alex","¿Quién ganó la COPA MUNDIAL?"," Estados Unidos : Ed. CARIBE, 1998. ","ISBN : 0-88113-495-3",D,"B.P. ORIENTACION",,
2009-04-28," Puig, Manuel","Boquitas pintadas"," España : Ed. AGEA. S.A., 1969. ","ISBN : 84-95594-60-9",D,"B.P. ORIENTACION",,
2009-04-28," Ramos-Olivera, Antonio","La Vida de un Rey Memorias del duque de Windsor"," Mexico : Ed. Mexicana S.A., 1951. ",,,,,
2009-04-28,Imaginador,"Diseños de tortas para fiestas"," Argentina : IMPRECO GRAFIA, 1996. ","ISBN : 950-768-111-6",D,"B.P. ORIENTACION",,
2009-04-28," Cornwell, Patricia",Predator,"Argentina : Ediciones B S.A., 2006. ","ISBN : 84-666-2911-4",D,"B.P. ORIENTACION",,
2009-04-28," De Santais, Pablo","El enigma de París","Argentina : Ed. Planeta S.A., 2007. ","ISBN : 978-958-42-1686-1",D,"B.P. ORIENTACION",,
2009-04-28," Colin A, Roman","Secretos del cosmos"," Argentina : SALVAT,Editores, 1970. ",,,,,
2009-04-28," De Vega, Lope",FUENTEOVEJUNA," Argentina : Ed. Sopena,1959. ",,,,,
2009-04-28," Del Campo, Estanislao",FAUSTO," Argentina : Ed. Sopena, 1958. ",,,,,
2009-04-28," De Rojas, Fernanado","La Celestina"," Argentina : Ed. Sopena, 1958. ",,,,,
2009-04-28," Dumas, Alejandro","Los Tres Mosqueteros",,,,,,
2009-05-26,"READER'S DIGEST COLECCIÓN DE LIB. SELECTOS","Libros Selectos"," México : Reader's Digest, 2000. ","ISSN : 1405-7999",D,"YOLANDA ZACARIAS",,
2009-05-26,"READER'S DIGEST COLECCIÓN DE LIB. SELECTOS","Libros Selectos","México : Reader's Digest, 2000.",ISSN1405-7999,D,"YOLANDA ZACARIAS",,
2009-05-26," Baum, Vicky","El lago de las damas"," España : Ed. Planeta/Bruguera, 1985. ","ISBN : 84-320-8200-1",D,"YOLANDA ZACARIAS",,
2009-05-26," Dayub, Gerardo A.","Gestión Cultural en Entre Ríos"," Argentina : Delta Editora, 2008. ",,,,,
2009-05-26," Beloff, Mary Ana y Otros","Cuadernos de la carcel"," Argentina :   ,1991. ",,D,"YOLANDA ZACARIAS",,
2009-05-26,"Ministerio de Salud y Acción Social","Funciones Esenciales de Salud Pública"," Argentina : Ministerio de Saluda, 2008. ","ISBN : 978-950-710-113-7",D,"YOLANDA ZACARIAS",,
2009-05-26," Truffer, Isabel - Storani, Silvia M.","El Campo de Ciencia y Tecnología de la UNER"," Argentina : UNER,2004. ","ISBN : 950-698-118-3",D,"YOLANDA ZACARIAS",,
2009-07-29," Chomsky, Noam - Petra, James - Morley, Morris","Clinton La Política del actual Gobierno de EE. UU."," Chile : Ed. Antártica S.A., 1994.  ","ISBN : 950-860-017-9",D,"B.P. ORIENTACION",,
2009-07-29," Renata, Eugenia","Podemos juntar flores PARTE 1"," Argentina : Imp. Lux S.A., 2005. ","ISBN : 987-43-9485-4",D,"B.P. ORIENTACION",,
2009-07-29," Renata, Eugenia","Podemos juntar flores PARTE 2"," Argentina : Imp. Lux S.A., 2006. ","ISBN : 987-05-1277-1",D,"B.P. ORIENTACION",,
2009-07-28," Renata, Eugenia","Podemos juntar flores PARTE 3"," Argentina : Imp. Lux S.A., 2006. ","ISBN : 987-05-0968-1",D,"B.P. ORIENTACION",,
2009-07-29," Orgambide, Pedro","Ezequiel Martínez Estrada ANTOLIGIA"," Chile : Ed. Antartíca S.A., 1995. ","ISBN : 950-860-024-1",D,"B.P. ORIENTACION",,
2009-07-29," Gorini, Ulises","Tópicos utópicos - dialogos con la izquierda europea"," Chile : Ed. Antártica S.A., 1994. ","ISBN : 950-860-011-X",D,"B.P. ORIENTACION",,
2009-07-29," Gilio, María Esther",Conversaciones," Chile : Ed. Antártica S.A., 1993. ","ISBN : 950-860-005-5",D,"B.P. ORIENTACION",,
2009-07-29," Di Stefano, Maria","Españoles Antología de Cuentos 1980-1993"," Chile : Ed. Antártica S.A., 1994. ","ISBN : 950-860-015-2",D,"B.P. ORIENTACION",,
2009-07-29," Villafañe, Javier","Antología Personal"," Chile : Ed. Antártica S.A., 1993. ","ISBN : 950-860-006-3",D,"B.P. ORIENTACION",,
2009-07-29," Alvarez, Patricia","Ecos del Sur la otra Ecología","Chile : Ed. Antártica S.A., 1994. ","ISBN : 950-860-009-8",D,"B.P. ORIENTACION",,
2009-07-29," Orgambide, Pedro","Gauchos y Soldados"," Chile : Ed. Antártica S.A., 1994.","ISBN : 950-860-013-6",D,"B.P. ORIENTACION",,
2009-07-29," Tomossi, Jorge","Crónicas casi reales"," Chile : Ed. Antártica S.A., 1995. ","ISBN : 950-860-020-9",D,"B.P. ORIENTACION",,
2009-07-29," Moreno, Horacio","Lo Fantastico cuentos de realidad e imaginación","Chile : Ed. Antártica S.A.","ISBN : 950-860-004-7",D,B-.P-ORIENTACION,,
2009-07-29," Preidemberg, Daniel","En la noche historias despues de hora"," Chile : Ed. Antártica S.A., 1995. ","ISBN : 950-860-023-3",D,"B.P. ORIENTACION",,
2009-07-29," Dottori, Nora - Lafforgue, Jorge","Las Fronteras"," Chile : Ed. Antártica S.A., 1993. ","ISBN : 950-99942-8-6",D,"B.P. ORIENTACION",,
2009-07-29," Mayer, Marcos","El Peronismo Historias de una pasión argentina"," Chile : Ed. Antártica S.A., 1994. ","ISBN : 950-860-016-0",D,"B.P. ORIENTACION",,
2009-07-29," Puiggros, Adriana - Waldman, Fabiana","La educación ¿Hacia que fututro mira?"," Chile : Ed. Antártica S.A. , 1994. ","ISBN : 950-860-014-4",D,"B.P. ORIENTACION",,
2009-07-29," Shakespeare, William",Hamlet," Argentina : Ed. Salvat S.A., 1982. ","ISBN :  84-345-8020-9",D,"B.P. ORIENTACION",,
2010-04-21," De Miguel, María Esther","un dandy en la corte del Rey Alfonso"," Argentina : Ed. Planeta, 2000. ","ISBN : 950-49-0625-5",D,"MIGUEL MAIN",,
2010-04-21," Fernández Díaz, Jorge",Mamá," Argentina : Ed. Sudamericana, 2002. ","ISBN : 950-07-2277-1",D,"MIGUEL MAIN",,
2010-04-21," Orwell, george","1 9 8 4"," España : Ed. Millenium, 1984. ",,,,,
2010-04-21," Bioy Casares, Adolfo y Borges, Jorge Luis","Los mejores cuentos Policiales (Selección)"," Argentina : Emecé Editores, 1962. ","ISBN : 84-206-1368-1",D,"MIGUEL MAIN",,
2010-04-21," García Márquez, Gabriel","La mala hora"," Argentina : Ed. Sudamericana, 1973. ",,,,,
2010-04-21," García Márquez, Gabriel","Ojos de perro azul","  España : Ed. Plaza & Janes S.A., 1974. ","ISBN : 84-01-144108-0",D,"MIGUEL MAIN",,
2010-04-21," García Marquez, Gabriel","Relato de un Naufrago"," España : Tusquets Editor, 1978. ",,,,,
2010-04-21," Simenon, Georges","El asesino del canal"," Argentina : Ed. Planeta, 1994. ","ISBN : 84-7223-443-6",D,"MIGUEL MAIN",,
2010-04-21," Puzo, Mario","Los Tontos Mueren"," España : Ed. Grijalbo, 1980. ","ISBN : 84-253-1080-6",D,"MIGUEL MAIN",,
2010-04-21," Miller, Henry","La crucifixión rosada NEXUS"," Argentina : Santiago Rueda Ed., 1969. ",,,,,
2010-04-21," Wesr, Morris","El Navegante"," España : Ed. Pomaire, 1978. ","ISBN : 84-286-0138-0",D,"MAIN MIGUEL",,
2010-07-05," Kinsale, Laura","El corazón escondido"," Argentina : Javier Vergara Ed., 1993. ","ISBN : 950-15-1322-X",D,"ROBERTO ARAGON",,
0000-00-00," Fernanadez De La Reguera, Ricardo",Experimento," España : Plaza & Janes, 1974. ","ISBN : 84-01-44073-4",D,"ROBERTO ARAGON",,
2010-07-05,"Historias Bíblicas","Mi libro de Historias Bíblicas"," Estados Unidos : My Book of Biblie Stories, 1978. ","116 p. ; 15 cm.",D,"ROBERTO ARAGON",,
2010-07-05," de Wahite, Elena G.","El Camino a Cristo"," Argentina : Editora Sudamericana, 1985. ","ISBN : 950-573-082-9",D,"ROBERTO ARAGON",,
2010-07-05," Sagan, Carl","La conexión cósmica"," Argentina : Ed. Hyspamerica, 1978. ","ISBN : 84-7634-115-6",D,"ROBERTO ARAGON",,
2010-07-05," McNaught, Judith","Mentira de Amor"," Argentina : Ed. Atlántida, 1984. ","ISBN : 950-08-1302-5",D,"ROBERTO ARAGON",,
2010-07-05," Maurois, Andre",Napoleón," España : Salvat Editores, 1985. ","ISBN : 84-345-8148-9",D,"ROBERTO ARAGON",,
2010-07-05," Camus, Albert","La peste"," Argentina : Ed. Seix Barral, 1985. ",,,,,
2010-05-20," Heller, Jane","Falsa identidad"," Argentina : Ed. Claridad, 2009. ","ISBN : 978-950-620-261-3",C,"ED. HELIASTA (BS.AS.)",,
2010-05-20," Parquer, Alan","El beso del Incauto"," Argentina : Ed. Emecé, 2008. ","ISBN : 978-950-04-3009-8",C,"DICKENS LIBROS (BS.AS.)",,
2010-05-20," Crusie, jennifer","La falsificadora (grandes novelistas)"," Argentina: Ed. Emecé, 2008. ","ISBN : 978-950-04-3017-3",C,"DICKENS LIBROS (BS. AS.)",,
2010-05-20," Conan Doyle, Arthur","El regreso de Sherlock Holmes"," Argentina : Ed. Claridad, 2010. ","ISBN : 978-950-620-166-1",C,"ED. HELIASTA (BS. AS.)",,
2010-05-20," Poe, Edgar Alan","Cuentos de humor y sátira"," Argentina : Ed. Claridad, 2007. ","ISBN : 950-620-157-9",C,"ED. HELIASTA (BS. AS.)",,
2010-05-20," Quinn, Daniel","A.D. El año que cambió el mundo (grandes novelistas)"," Argentina : Ed. Emecé, 2008. ","ISBN : 978-950-04-3006-7",C,"DICKENS LIBROS (BS. AS.)",,
2010-05-20," Conan Doyle, Arthur","Relatos de misterio"," Argentina : Ed. Claridad, 2007. ","ISBN : 798-950-620-230-9",C,"ED. HELIASTA (BS. AS.)",,
2010-05-20,"Christie, Agatha","El misterio del tren azul"," Argentina : Ed. Planeta, 2006. ","ISBN : 978-950-49-1619-2",C,"DICKENS LIBROS (BS. A.S.)",,
2010-05-20," Christie, Agatha","Intriga en Bagdad"," Argentina : Ed. Planeta, 2007. ","ISBN : 978-950-49-1670-3",C,"DICKENS LIBROS (BS. AS.)",,
2010-05-20," Christie, Agatha","Los elefantes pueden recordar"," Argentina : Ed. Planeta, 2006. ","ISBN : 978-950-49-1616-1",C,"DICKENS LIBROS (BS. AS.)",,
2010-05-20," Christie, Agatha","El espejo roto"," Argentina : Ed. Planeta, 2006. ","ISBN : 978-950-49-1618-5",C,"DICKENS LIBROS (BS. AS.)",,
2010-05-20," Christie, Agatha","Cianuro espumoso"," Argentina : Ed. Planeta, 2006. ","ISBN : 978-950-49-1613-0",C,"DICKENS LIBROS (BS. AS.)",,
2010-05-20," Poe, Edgar Alan","Cuentos de horror y misterio"," Argentina : Ed. Claridad, 2005. ","ISBN : 950-620-158-7",C,"ED. HELIASTA (BS, AS.)",,
2011-02-22," Lapajufker, Marcelo","Hay dos cartas sin abrir"," Argentina : Ed. El Autor, 2007 ","ISBN : 978-987-05-3595-9",C,"CUSPIDE Libros S.A.",,
2011-02-22," Feinmann, José Oablo","Peronismo Filosofía polítiva de una persistencia argentina"," Argentina : Ed. Planeta, 2010 ","ISBN : 978-950-49-2378-7",C,"CUSPIDE Libros S.A.",,
2011-02-22," Rozitchner, Leon","Las desventuras del sujeto político"," Argentina : Ed. El Cielo por Asalto, 1996 ","ISBN : 987-9035-08-9",C,"CUSPIDE Libros S:A.",,
2011-02-22," Alvarado, Maite","El Lecturón II La máquina de hacer lectores"," Argentina : Ed. El Hacedor, 2010 ","ISBN : 978-987-9272-04-6",C,"CUSPIDE Libros S.A.",,
2011-02-22," Chapra, Steven C. - Canale, Raymond P.","Métodos numéricos para ingenieros"," México : Ed. McGraw-Hill, 2007 ","ISBN : 978-970-10-6114-5",C,"CUSPIDE Libros S:A.",,
2011-02-22," Osorio, Fernanado","¿Qué función cumplen los padres de un niño?","Argentina : Ed. Novedades Educ.","ISBN : 978-987-538-230-5",C,"CUSPIDE Libros S.A.",,
2001-02-22," Coelho, Paulo","Palabras esenciales II"," Argentina : -ed. Lidia M. Riba, 2008 ","ISBN : 978-987-612-146-0",C,"CUSPIDE Libros S.A.",,
2010-02-22," Devetach, Laura","Cuento de los enrredos"," Argentina : Ed. Grupo AIQUE, 2005 ","ISBN : 950-701-542-6",C,"CUSPIDE Libros S.A.",,
2011-02-22," Cortázar, Julio","Cuentos completos 1"," Argentina : Ed. ALFAGUARA, 2010 ","ISBN : 978-987-04-1472-8",C,"CUSPIDE Libros S.A.",Prestado,esteban
2011-02-22," Balagurusamy, E.","Programación orientada a objetos con c++"," España : Ed. McGraw-Hill, 2007 ","ISBN : 978-84-481-5621-3",C,"CUSPIDE Libros S.A.",,
2011-02-22," Grimaldi, Ralph P.","Matemáticas discreta y combinatoria"," México : Ed. PEARSON, 1998 ","ISBN : 968-444-324-2",C,"CUSPIDE Libros S.A.",,
2011-02-22,QUINO,"Mafalda inedita"," Argentina : Ed. De La Flor S.R.L., 1988 ","ISBN : 978-950-515-664-1",C,"CUSPIDE Libros S.A.",,
2001-02-22,QUINO,"Humano se nace"," Argentina : Ed. De La Flor S.R.L., 2009 ","ISBN : 978-950-515-680-1",C,"CUSPIDE Libros S.A.",,
2011-02-22," Fazzio, Adriana","Niñez, Familia y Derechos Humanos"," Argentina : Ed. Espacio, 2010 ","ISBN : 978-950-802-327-8",C,"CUPIDE Libros S.A.",,
2011-02-22," Coelho, Paulo","La Bruja de Portobello"," Argentina : Ed. Planeta, 2009 ","ISBN : 978-950-49-2178-3",C,"CUSPIDE Libros S.A.",,
2011-02-22," De Santis, Pablo","Los anticuarios"," Argentina : Ed. Planeta, 2010 ","ISBN : 978-950-49-2390-9",C,"CUSPIDE Libros S.A.",,
2011-02-22," Cook, Robin","Cuerpo extraño"," Argentina : Ed. Plaza & Janés, 2009 ","ISBN : 978-950-644-172-2",C,"CUSPIDE Libros S.A.",,
2011-02-22," Hood, Robin","El Proscipto"," Argentina : Ed. Edhasa,2010 ","ISBN : 978-987-628-089-1",C,"CUSPIDE Libros S.A.",,
2010-02-22," Allende, Isabel","El plan infinito"," Argentina : Ed. Sudamericana, 2009 ","ISBN : 987-1138-88-1",C,"CUSPIDE Libros S.A.",,
2011-02-22," Cooh, Robin",ADN," Argentina : Ed. Sudamericana, 2010 ","ISBN : 978-987-566-514-9",C,"CUSPIDE Libros S.A.",,
2011-02-22," Freire, Hector J.","El Cine en su laberinto"," Argentina : Ed. Topía, 2009 ","ISBN : 978-987-1185-30-6",C,"CUSPIDE Libros S.A.",,
2011-02-22," Castellano, Emanuel","El libro mágico de Harry Potter"," Argentina : Ed. OVNI, 2009 ","ISBN : 978-987-24341-9-9",C,"CUSPIDE Libros S.A.",,
2011-02-22," Rowling, J. K.","Harry Potter y el cáliz de fuego"," España : Ed. Salamandra, 2010 ","ISBN : 978-84-9838-015-6",C,"CUSPIDE Libros S.A.",,
2011-02-22," Rowling, J. K.","Harry Potter y el prisionero de Azkaban"," España : Ed. Salamndra, 2010 ","ISBN : 978-84-9838-014-9",C,"CUSPIDE Libros S.A.",,
2011-02-22," García Márquez, Gabriel","El amor en los tiempos del cólera"," Argentina : Ed. Sudamericana, 2009 ","ISBN : 950-07-2608-4",C,"CUSPIDE Libros S.A.",,
2011-02-22," Piglia, Ricardo","Blanco nocturno"," España : Ed. Anagrama, 2010 ","ISBN : 978-84-339-7215-6",C,"CUSPIDE Libros S.A.",,
2011-02-22," Piglia, Ricardo","Plata quemada"," España : Ed. Anagrama, 2000 ","ISBN : 978-84-339-2462-9",C,"CUSPIDE Libros S.A.",,
2011-02-22," Bonasso, Miguel","Diario de un clandestino"," Argentina : Ed. Planeta, 2010 ","ISBN : 978-950-49-2435-7",C,"CUSPIDE Libros S.A.",,
2011-02-22," Balmaceda, Daniel","Biografía no autorizada de 1910"," Argentina : Ed. Sudamericana, 2010 ","ISBN : 978-950-07-3226-0",C,"CUSPIDE Libros S.A.",,
2010-02-22," Galeano, Eduardo","El libro de los abrazos"," Argentina : Ed. Siglo Veintiuno, 2010 ","ISBN : 978-987-629-116-3",C,"CUSPIDE Libros S.A.",,
2011-02-22," Devetach, Laura","Cuentos del Paí Luchi","Argentina : Ed. Sudemaricana, 2001 ","isbn : 950-07-2090-6",C,"CUSPIDE Libros S.A.",,
2011-02-22," García Márquez, Gabriel","Vivir para contarla"," Argentina : Ed. Sudamericana, 2010 ","ISBN : 987-566-029-9",C,"CUSPIDE Libros S.A.",,
2011-02-22," García Márquez, Gabriel","Cien años de soledad"," Argentina : Ed. Sudamericana, 2009 : 494 p. ","ISBN : 987-1138-14-8",C,"CUSPIDE Libros S.A.",,
2011-02-22," Stamateas, Bernardo","AUTOBOICOT Cuando el tóxico es uno mismo"," Argentina : Ed. Planeta, 2009 : 190 p. ","ISBN : 978-950-49-1967-4",C,"CUSPIDE Libros S.A.",,
2011-02-22," Brown, Dan","El  Código Da Vinci"," España : Ed. URANO, 2007 ","ISBN : 978-84-96829-00-8",C,"CUSPIDE Libros S.A.",,
2011-02-22," De Santis, Pablo","Páginas mezcladas"," Argentina : Ed. Colihue, 2009 ","ISBN : 978-950-581-222-6",C,"CUSPIDE Libros S.A.",,
2001-02-22," De Santis, Pablo","Desde el ojo del pez"," Argentina : Ed. Alfaguara, 2008 ","ISBN : 978-987-04-1065-2",C,"CUSPIDE Libros S.A.",,
2011-02-22," Rapoport, Mario","Las políticas económicas de la Argentina"," Argentina : Ed. Booket, 2010 ","ISBN : 978-987-580-370-4",C,"CUSPIDE Libros S.A.",,
2011-02-22," Sabato, Hilda","Pueblo y Política la construcción de la Arg. Moderna"," Argentina : Capital Intelectual, 2010 ","ISBN : 978-987-614-216-8",C,"CUSPIDE Libros S.A.",,
2011-02-22," Arreche, Araceli y Otros","El Teatro y Los Niños"," Argentina : Ed. Atuel, 2006 ","ISBN : 987-1155-23-9",C,"CUSPIDE Libros S.A.",,
2001-02-22," Rowling, J. K.","Harry Potter y las reliquias de la muerte"," España : Ed. Salamandra, 2008 ","ISBN : 978-84-9838-144-3",C,"CUSPIDE Libros S.A.",,
2011-02-22," Brown, Dan","Angeles y Demonios"," España : Ed. URANO, 2009 ","ISBN : 978-84-92516-51-3",C,"CUSPIDE Libros S.A.",,
2011-02-22," Stamateas, Alejandra","Mi cuerpo Mi cárcel"," Argentina : Ed. V & R, 2009 ","ISBN : 978-987-612-222-1",C,"CUSPIDE Libros S.A.",,
2011-02-22," Stamateas, Bernardo","Gente Toxica"," Argentina : Ed. ZETA, 2010 ","ISBN : 978-987-627-179-0",C,"CUSPIDE Libros S.A.",,
2010-02-22," Salinas, Silvia - Bucay, Jorge","Amarse con los ojos abiertos"," Argentina : Ed. Del Nuevo Extremo, 2010 ","ISBN : 978-987-609-204-3",C,"CUSPIDE Libros S.A.",,
2011-02-22," Allende, Isabel","Retrato en sepia"," Argentina : Ed. Sudamericana, 2010 ","ISBN : 987-1138-89-X",C,"CUSPIDE Libros S.A.",,
2011-02-22,QUINO,Mafalda,"Argentina : Ed. De La Flor",,,,,
2011-02-22," García Márquez, Gabriel","Yo no vengo a decir un discurso"," Argentina : Ed. Sudamericana, 2010 ; 151p. ; 23 cm.",,,,,
2011-02-22," Galeano, Eduardo","Las venas abiertas de América Latina"," Argentina : Ed. Siglo veintiuno, 2010 ","ISBN : 978-987-629-113-2",C,"CUSPIDE Libros S.A.",,
2011-02-22," Rowling, J.K.","Harry Potter y la piedra filosofal"," España : ed. Salamandra, 2010 ","ISBN : 978- 84-9838-012-5",C,"CUSPIDE Libros S.A.",,
2011-02-22,"Rowling, J.K.","Harry Potter y la cámara secreta"," España : Ed. Salamandra, 2010 ","ISBN : 978-84-9838-013-2",C,"CUSPIDE Libros S.A.",,
2011-02-22,Nik,"Gaturro y los piratas del tesoro perdido"," Argentina : Ed. Sudamericana, 2010 ","ISBN : 978-950-07-3179-8",C,"CUSPIDE Libros S.A.",,
2011-02-22,Nik,"Gaturro y la noche de los vampiros"," Argentina : Ed. Sudamericana, 2010 ","ISBN : 978-950-07-3257-4",C,"CUSPIDE Libros S.A.",,
2011-02-22," Allende, Isabel","Mi país inventado"," Argentina : Ed. Sudamericana, 2009 ","ISBN : 987-1138-68-7",C,"CUSPIDE Libros S.A.",,
2011-02-22," Armstrong, Lance","Mi vuelta a la vida"," Argentina : Ed. Del Nuevo Extremo, 2010 ","ISBN : 978-987-609-247-0",C,"CUSPIDE Libros S.A.",,
2011-02-22," Saint -Exupery, Antoine","El Principito"," Argentina : Emecé, 2010 : il. ","ISBN : 978-950-04-2640-4",C,"CUSPIDE Libros S.A.",,
2011-02-22,Nik,"Gaturro y la noche de los vampiros"," Argentina : Ed. Sudemaricana, 2010 ","ISBN : 978-950-07-3257-4",C,"CUSPIDE Libros S.A.",,
2011-02-22,Nik,"Gaturro y los piratas del tesoro perdido"," Argentina : Ed. Sudamericana, 2010 ","ISBN : 978-950-07-3176-8",C,"CUSPIDE Libros S.A.",,
2011-02-22," Lambert, Alibel",,"Argentina : Ed. Maya, 2010 ; 60 p. 19 cm.","ISBN : 978-987-25986-1-7",,,,
2011-02-22,"Schreiber, Jürgen","La mujer que vengó al Che Guevara"," Argentina : Ed. Capital Intelectual, 2010 ","ISBN: 978-987-614-226-7",C,"CUSPIDE Libros S.A.",,
2011-02-22," Hosseini, Khaled","Cometas en el cielo"," España : Ed. Salamandra, 2003 ","ISBN : 978-84-9838-317-1",C,"CUSPIDE Libros S.A.",,
2011-02-22," Rolón, Gabriel","Los padecientes"," Argentina : Ed. Emecé, 2010 ","ISBN : 978-950-04-3287-0",C,"CUSPIDE Libros S.A.",,
2011-02-22," Aguinis, Marcos","La matriz del infierno"," Argentina : Ed. Sudamericana, 2009 ","ISBN : 978-950-07-3117-1",C,"CUSPIDE Libros S.A.",,
2011-02-22," Allende, Isabel","El plan infinito"," Argentina : Ed. Sudamericana, 2004 ","ISBN : 950-07-1839-1",C,"CUSPIDE Libros S.A.",,
2011-02-22," Allende, Isabel","Cuentos de Eva Luna"," Argentina : Ed. Sudamericana, 2008 ","ISBN : 987-1138-84-9",C,"CUSPIDE Libros S.A.",,
2011-02-22," Allende, isabel","Eva Luna"," Argentina : Ed. Sudamericana, 2008 ","ISBN : 987-1138-87-3",C,"CUSPIDE Libros S.A.",,
2011-02-22," Allende, Isabel","La casa de los espíritus"," Argentina : Ed. Sudamericana, 2010 ","ISBN : 987-1138-90-3",C,"CUSPIDE Libros S.A.",,
2011-02-22," Meyer, Stephenie",Amanecer," Argentina : Ed. Alfaguara, 2010 ","ISBN : 978-987-04-1090-4",C,"CUSPIDE Libros S.A.",,
2001-02-22," Meyer, Stephenie","Luna nueva"," Argentina : Ed. Alfaguara, 2009 ","ISBN : 978-987-04-0678-5",C,"CUSPIDE Libros S.A.",,
2011-02-22,"Argentina Códigos","Código Penal"," Argentina : Ed. ZAVALIA, 2010 ","ISBN : 978-950-572-819-0",C,"CUSPIDE Libros S.A.",,
2011-02-22,"Argentina Códigos","Código Civil y Comercial de la Nación"," Argentina : Ed. ZAVALIA,2010 ","isbn : 978-950-572-822-0",C,"CUSPIDE Libros S.A.",,
2011-02-22," Montes, Graciela Silvia","La batalla de los monstruos y las hadas"," Argentina : Ed. Alfaguara, 2010 ","ISBN : 978-987-04-0068-4",C,"CUSPIDE Libros S.A.",,
2011-02-22," Capusotto, Diego - Saborido, Pedro","Peter Capusotto"," Argentina : Ed. Sudamericana, 2010 ","ISBN : 978-950-07-3156-0",C,"CUSPIDE Libros S.A.",,
2010-02-22," Paz, Carlos","Efemérides Literarias Argentinas"," Argentina : Ed. Caligraf, 1999 ","ISBN : 987-97280-1-7",C,"CUSPIDE Libros S.A.",,
2011-02-22," Forn, Juan y Otros","La guerra de Malvinas (Argentina 1982)"," Argentina : Ed. Biblos, 2007 ","ISBN : 978-950-786-604-3",C,"CUSPIDE Libros S.A.",,
2011-02-22," Feinmann, José Pablo","Timote Secuestro y muerte del General Aramburu"," Argentina : Ed. Planeta, 2009 ","ISBN :  978-950-49-2009-0",C,"CUSPIDE Libros S.A.",,
2011-02-22," Pigna, Felipe","Los Mitos de la Historia Argentina"," Argentina : Ed. Booket, 201 ","ISBN : 978-987-580-409-8",C,"CUSPIDE Libros S.A.",,
2011-02-22," Forn, Juan y Otros","La guerra de Malvinas (Argentina 1982)","Argentina : Ed. Biblos, 2007 ","ISBN : 978-950-786-604-3",C,"CUSPIDE Libros S.A.",,
2011-02-22," Lanata, jorge",Polaroides," Argentina : Ed. Punto de Lectura, 2007 ","ISBN : 978-987-578-058-3",C,"CUSPIDE Libros S.A.",,
2011-02-22," Soriano, Osvaldo","Reveldes, soñadores y fugitivos"," Argentina : Ed. Booket, 2008 ","ISBN : 978-987-580-262-9",C,"CUSPIDE Libros S.A.",,
2011-02-22," Soriano, Osvaldo","No habrá más penas ni olvido"," Argentina : Ed. Booket, 2010 ","ISBN : 978-987-580-214-8",C,"CUSPIDE Libros S.A.",,
2011-02-22," Bucay, Jorge","El elefante encadenado"," España : Ed. Del Nuevo Extremo, 2008 ","ISBN : 978-987-609-113-8",C,"CUSPIDE Libros S.A.",,
2011-02-22," Luna, Félix","Historia integral de la Argentina Tomo 2"," Argentina : Ed. Booket, 2009 ","ISBN : 978-987-580-313-8",C,"LIB. KLAXIKA",,
2011-02-22," Luna, Félix","Histria integral de la Argentina"," Argentina : Ed. Booket, 2009 ","ISBN : 978-987-580-307-7",C,"LIB. KLAXIKA",,
2011-02-22," de Vasconcelos, José Mauro","Mi planta naranja-lima"," Argentina : Ed. El Ateneo, 2010 ","ISBN : 978-950-02-0444-6",C,"LIB. KLAXIKA",,
2011-02-22," Carrizo De La Canal, Gustavo ","DINOSAURIOS gigantes de la Prehistoria"," Argentina : Ed. Guadal, 2009 ","ISBN : 978-987-579-733-8",C,"CUSPIDE Libros S.A.",,
2011-02-22," de Vasconcelos, José Mauro","Mi planta naranja-lima"," Argentina : Ed. El Ateneo, 2010 ","ISBN : 978-950-02-0444-6",C,"LIB. KLAXIKA",,
2011-02-22," de Vasconcelos, José Mauro","Vamos a calentar el sol"," Argentina : Ed. El Ateneo, 2010 ","ISBN : 978-950-02-8539-1",C,"LIB. KLAXIKA",,
2011-02-22," Luna, Félix","Historia integral de la Argentina secreta Tomo 3"," Argentina : Ed. Booket, 2009 ","ISBN : 978-987-580-322-0",C,"LIB. KLAXIKA",,
2011-02-22," Freire, Paulo","La importancia de leer y el proceso de liberación"," Argentina : Ed. Siglo Veintiuno, 2008 ","ISBN : 978-968-23-1593-0",C,"LIB. KLAXIKA",,
2011-02-22," Kipling, Rudyard","Historias presisamente así"," Argentina : Ed. Comunicate, 2010 ","ISBN : 978-987-602-115-9",C,"LIB. KLAXIKA",,
2011-02-22," Castelain-Meunier, Chiristine","Padres, Mdres, Hijos"," Argentina : Ed. Siglo Veintiuno, 1998il. ","ISBN : 968-23-2428-9",C,"LIB. KLAXIKA",,
2011-02-22," Civale, Cristina","Niños lejos de Disneylandia"," Argentina : Ed. Planeta, 2006 ","ISBN : 950-49-1559-0",C,"LIB. KLAXIKA",,
2011-02-22," Carbajal, Mariana","El aborto en debate","  Argentina : Ed. Paidón, 2009 ","ISBN : 978-950-12-4555-4",C,"LIB. KLAXIKA",,
2011-02-22," Rey, María Esther","Didáctica de la matemática   Primer Ciclo"," Argentina : Ed. Magisterio del Río de La Plata, 2006 ","il. ; 189 p. ; 24 cm.",,,,
2011-02-22," Archanco, Pamela","Atrapafaltas  Ortografía 4"," Argentina : Ed. Tinta Fresca, 2008 ","ISBN : 978-987-576-268-8",C,"LIB. KLAXIKA",,
2011-02-22," Archanco, Pamela","Atrapafaltas   Ortografía 5"," Argentina : Ed. Tinta Fresca, 2010 ","ISBN : 978-987-576-269-5",C,"LIB. KLAXIKA",,
2011-02-22," Freire, Paulo","La educación como practica de la libertad"," Argentina : Ed. Siglo Veintiuno, 2009 ","ISBN : 978-987-629-021-0",C,"LIB. KLAXIKA",,
2011-02-22," Romero, Luis Alberto","La crisis argentina Una mirada al siglo XX"," Argentina : Ed. Siglo Veintiuno, 2003 ","ISBN : 987-1105-50-9",C,"LIB. KLAXIKA",,
2011-02-22," Bayer, Osvaldo","La Patagonia rebelde"," Argentina : Ed. Booket, 2007 ","ISBN : 978-987-1144-72-3",C,"LIB. KLAXIKA",,
2011-02-22," de Vasconcelos, José Mauro","Vamos a calentar el sol"," Argentina : Ed. El Ateneo, 2010 ","ISBN : 978-950-02-8539-1",C,"LIB. KLAXIKA",,
2011-02-22," Delgado, Josefina","Alfonsina Storni  Una Biografía esencial"," Argentina : Ed. Sudamericana, 2010 ","ISBN : 978-987-566-9",C,"LIB. KLAXIKA",,
2011-02-22," Macri, Mariela y Otros","El trabajo infantil no es juego"," Argentina : Ed. La Crujía, 2005 ","ISBN : 987-1004-91-5",C,"LIB. KLAXIKA",,
2011-02-22," de Vasconcelos, José Mauro","Vamos a calentar el sol"," Argentina : Ed. El Ateneo, 2010 ","ISBN : 978-950-02-8539-1",C,"LIB. KLAXIKA",,
2011-02-22," Preisz, Carlos Oscar","Pelajes del caballo"," Argentina : Ed. Albatros, 2010 ","ISBN : 978-950-24-1280-1",C,"LIB. KLAXIKA",Disponible,
2011-02-22," Vaca, Pablo","Aperos criollos"," Argentina : Ediciones B, 2006 ","ISBN : 987-1222-36-X",C,"LIB. KLAXIKA",,
2011-02-22," Delgado, María Angélica y Otros","Lengua 4 ideas en la cabeza"," Argentina : Ed. Santillana, 2004 ","ISBN : 950-46-1456-6",C,"LIB. KLAXIKA",,
2011-02-22," Delgado, María Angélica y Otros","Lengua 5 ideas en la cabeza"," Argentina : Ed. Santillana, 2004 ","ISBN : 950-46-1435-3",C,"LIB. KLAXIKA",,
2011-02-22," Andrés, Marina E. y Otros","Matemática 5 ideas en la cabeza"," Argentina : Ed. Santillana, 2004 ","ISBN : 950-46-1441-8",C,"LIB. KLAXIKA",,
2011-02-22," Fariña, Mabel B. y Otros","Ciencias Sociales ideas en la cabeza"," Argentina : Ed. Santillana, 2004 ","ISBN : 950-46-1439-6",C,"LIB. KLAXIKA",,
2011-02-22,"Ediciones Banco Velox","Pintura Argentina Candido López  CUADERNO 2"," Argentina : Ed. Grupo Velox, 2001 ","ISBN : 987-1010-02-8",C,"LIB. KLAXIKA",,
2011-02-22,"Ediciones Banco Velox","Pintura Argentina Quinquela y Victoria  CUADERNO 3"," Argentina : Ed. Grupo Velox, 2001 : il. ","ISBN : 987-1010-01-X",C,"LIB. KLAXIKA",,
2011-02-22,"Ediciones Banco Velox","Pintura Argentina Expresiones Metafísicas CUADERNO 5"," Argentiona : Ed. Grupo Velox, 2001 ","ISBN : 987-1010-03-6",C,"LIB. KLAXIKA",,
2011-02-22,"Ediciones Banco Velox","Pintura Argentina Spilimbergo y Guttero CUADERNO 6"," Argentina :  Ed Grupo Velox, 2001 ","ISBN : 987-1010-13-3",C,"LIB. KLAXIKA",,
2011-02-22,"Ediciones Banco Velox","Pintura Argentina Precursores II CUADERNO 7"," Argentina : Ed. Grupo Velox, 2001 ","ISBN : 987-1010-06-0",C,"LIB. KLAXIKA",,
2011-02-22,"Ediciones Banco Velox","Pintura Argentina Nueva GeneraCIóN CUADERNO 8"," Argentina : Ed. Grupo velox, 2001 ","ISBN : 987-1010-18-4",C,"LIB. KLAXIKA",,
2011-02-22,"Ediciones Banco Velox","Pintura Argentina Pintores de la Boca II CUADERNO 12","Argentina : Ed. Grupo Velox, 2001 ","ISBN : 987-1010-15-X",C,"LIB. KLAXIKA",,
2011-02-22,"Equipo TIKAL","Los Aztecas"," España : Ed. Susaeta,  ",,,,,
2011-02-22,"Equipo Tikal","Los Incas"," España : Ed. Susaeta, ",,,,,
2001-02-22,"  Quiroga, Horacio","Cuentos de la Selva"," Argentina : Ed. Beeme, 2008 : 125 p. : 19 cm.","ISBN : 978-987-24256-8-5",C,"LIB. KLAXIKA",,
2011-02-22," Lejarraga, Horacio","Desarrollo del niño en contesto"," Argentina : Ed. Paidós, 2008 ","ISBN : 978-950-12-4524-0",C,"LIB. KLAXIKA",,
2011-02-22," Wilde, Oscar","El fantasma de Canterville"," Argentina : Ed. Beeme, 2008 ","ISBN : 978-987-24256-9-2",C,"LIB. KLAXIKA",,
2011-02-22," Di Meglio, Gabriel","¡Viva el bajo pueblo!"," Argentina : Ed. Prometeo, 2007 ","ISBN : 987-574-103-5",C,"LIB. KLAXIKA",,
2011-02-22," Wilde, Oscar","El fantasma de Caterville"," Argentina : Ed. Beeme, 2008 ","ISBN : 978--987-24256-9-2",C,"LIB. KLAXIKA",,
2011-02-22," Halperín Donghi, Tulio","La República imposible (1930 - 1945)"," Argentina : Ed. Emecé, 2007 ","ISBN : 978-950-04-2940-5",C,"LIB. KLAXIKA",,
2011-02-22," Chiaramonte, José Carlos","Ciudades, Provincias, Estados: Orígenes de la Nación Argentina.","Argentina : Ed. Emecé, 2007 ","ISBN : 978-950-04-2861-3",C,"LIB. KLAXIKA",,
2011-02-22," de Vasconcelos, José Mauro","Vamos a calentar el sol"," Argentina : Ed. El Ateneo, 2010 ","ISBN : 978-950-02-8539-4",C,"LIB. KLAXIKA",,
2011-02-22," de Vasconcelos, José Mauro","Mi planta naranja-lima"," Argentina : Ed. El Ateneo, 2010 ","ISBN : 978-950-02-0444-6",C,"LIB. KLAXIKA",,
2011-02-22," Frank, Anne","El diario de Ana Frank"," Argentina : Ed. Beema, 2009 ","ISBN : 978-987-1594-31-3",C,"LIB. KLAXIKA",,
2011-02-22," Buchbinder, Pablo","Historia de las Universidades Argentinas"," Argentina : Ed. Sudamericana, 2010 ","ISBN : 978-950-07-3236-9",C,"LIB. KLAXIKA",,
2011-12-04," Martin, Gerald","Gabriel García Márquez, Una vida"," Argentina : Ed. Debate, 2009 ","ISBN : 978-987-1117-75-8",C,"LIB. EL ATENEO",,
2011-12-04," Aguinis, Marcos","Profanación del amor"," Argentina : Ed. Sudamericana, 2009 ","ISBN : 987-950-07-3121-8",C,"LIB. EL ATENEO",,
2011-12-04," Theorin, Johan","La tormenta de nieve"," Argentina : Ed. Mondadori, 2011 ","ISBN : 978-987-658-070-0",C,"LIB. EL ATENEO",,
2011-12-04," Clark, Mary Higgins","Mentiras de sangre"," Argentina : Ed. Plaza & Janes, 2011 ","ISBN : 978-950-644-209-5",C,"LIB. EL ATENEO",,
2011-12-04," Lamborghini, Osvaldo","Novelas y cuentos II"," Argentina : Ed. Mondadori, 2011 ","ISBN : 978-987-658-077-9",C,"LIB. EL ATENEO",,
2011-12-04," Rivero, Viviana","Y ellos se fueron"," Argentina : Ed. Emecé, 2011 ","ISBN : 978-950-04-3329-7",C,"LIB. EL ATENEO",,
2011-12-04," Allende, Isabel",Paula," Argentina : Ed. Sudamericana, 2011 ","ISBN : 987-1138-85-7",C,"LIB. EL ATENEO",,
2011-05-19," Sehinkman, Diego","Qué tienen los plíticos en la cabeza?"," Argentina : Ed. Javier Vergara, 2011 ","ISBN : 978-950-15-2505-2",C,"LIB. EL ATENEO",,
2011-05-19," Caygill, Howard - Coles, Alex  y  Klimowski, Andrzej","Walter Benjamin Para principiantes"," Argentina : Ed. Era Naciente, 2007 : il. : 178 p. ","ISBN : 978-987-9065-86-0",C,"LIB. EL ATENEO",,
2011-05-19," Leader, Darian - Groves, Judy","Lacan Para principiantes"," Argentina : Ed. Era Naciente, 2010 : il. ","ISBN : 978-987-9065-22-8",C,"LIB. EL ATENEO",,
2011-05-19,"Cherniavsky, Axel - Alcantea, Enrique","Spinoza Para principiantes"," Argentina : Ed. Era Naciente, 2010 ","ISBN : 978-987-555-046-9",,,,
2011-05-19," Sinay, Sergio - Scenna, Miguel Angel","Che Guevara Para principiantes"," Argentina : Ed. Era Naciente, 2005 ","ISBN : 987-9065-27-1",C,"LIB. EL ATENEO",,
2011-05-19," Spencer, Llooyd - Krauze, Andrzej","Hegel Para principiantes"," Argentina : Ed. Era Naciente, 2010 ","ISBN : 978-987-555-002-5",C,"LIB. EL ATENEO",,
2011-05-19," McEvoy, J. P. - Zárate, Oscar","Teoría Cuántica Para principiantes"," Argentina : Ed. Era Naciente, 2007 ","ISBN : 978-987-9065-56-3",C,"LIB. EL ATENEO",,
2011-05-19," Garvie, Alejandro - Sanyé","Economía Desde la antigua Grecia hasta la Crisis de la globalización"," Argentina : Ed. Era Naciente, 2010 ; il. ; 207 p. ; 19 cm.",,,,,
2011-05-19," Ali, Teriq - Evans, Phil","Trotsky Para principiantes"," Argentina : Ed. Era Naciente, 2007 ","ISBN : 978-987-555-030-8",C,"LIB. EL ATENEO",,
2011-05-19," Stengel, Marilen - Rey, Diego","Literatura Universal  Tomo II Movimientos y autores del siglo XX"," Argentina : Ed. Era Naciente, 2010 ; il. ; 364 p. ; 19 cm.","ISBN : 978-987-555-015-5",,,,
2011-05-19," Sautet, Marc - Boussignac, Patrick","Nietzsche Para principiantes"," Argentina : Ed. Era Naciente, 2010 : il. 191 p. 19 cm.","ISBN : 978-987-9065-33-4",C,"LIB. EL ATENEO",,
2011-05-19," Larsson, Stieg","Los hombres que no amaban a las mujeres"," España : Ed. Destino, 2008 ","ISBN : 978-84-233-4321-8",C,"LIB. EL ATENEO",,
2011-05-19," Larsson, Stieg","La chica que soñaba con una cerilla y un bidón de gasolina"," España : Ed. Destino, 2008 ","ISBN : 978-84-233-4324-9",C,"LIB. EL ATENEO",,
2011-05-19," Eco, Humberto","El cementerio de Praga"," Argentina : Ed. Sudamericana, 2010 ","ISBN : 978-84-264-1868-5",C,"LIB. EL ATENEO",,
2011-05-19," Bonelli, Florencia","Indias Blancas La vuelta del ranquel"," Argentina : Ed. Sudamericana, 2011 ","ISBN : 978-987-566-423-4",C,"LIB. EL ATENEO",,
2011-05-19," Bonelli, Florencia","Indias Blancas"," Argentina : Ed. Sudamericana, 2011 ","ISBN : 978-987-566-422-7",C,"LIB. EL ATENEO",,
2011-05-19," Mandela, Nelson","Conversaciones conmigo mismo"," Argentina : Ed. Planeta, 2011 ","ISBN : 978-950-49-2469-2",C,"LIB. EL ATENEO",,
2011-05-19," Randazzo, Florencio","Mejor que decir"," Argentina : Ed. Planeta, 2011 ","ISBN : 978-950-49-2634-4",C,"LIB. EL ATENEO",,
2011-05-19," Bonasso, Miguel","Diario de un clandestino","Argentina : Ed. Planeta, 2011 ","ISBN : 978-950-49-2435-7",C,"LIB. EL ATENEO",,
2011-05-19," Solá, María Delia","Aborígenes Argentinos"," Argentina : Ed. Gradifco, 2009 : il. ","ISBN : 978-987-571-058-0",C,"LIB. EL ATENEO",,
2011-05-19," Marx, Karl","El capital Pensadores universales"," Argentina : Ed. Gradifco, 2008 ","ISBN : 978-987-1093-53-3",C,"LIB. EL ATENEO",,
2011-05-19," Ingenieros, José","El hombre mediocre Pensadore universales"," Argentina : Ed. Gradifco, 2007 ","ISBN : 978-987-1093-19-9",C,"LIB. EL ETENEO",,
2011-05-19," Hosseini, Khaled","Cometas en el cielo","España : Ed. Salamandra, 2003 ","ISBN : 978-84-938-088-0",C,"LIB. EL ATENEO",,
2011-05-19," Smith, Wilbur","Tiempo de morir"," Argentina .: Ed. Booket, 2006 ","ISBN : 987-580-081-3",C,"LIB. EL ATENEO",,
0000-00-00," Segal, Erich","Love Story Historia de amor (Novela)"," Argentina : EMECE Ed. S.A., 1970. ","ISBN :",,,Disponible,
0000-00-00," Segal, Erich","Love Story Historia de amor (Novela)"," Argentina : EMECE Ed. S.A., 1970. ","ISBN :",,,Disponible,
2008-11-26," Segal, Erich","Love Story Historia de amor (Novela)"," Argentina : EMECE Ed. S.A., 1970. ","ISBN :",,"Pucci Nelida",Disponible,
2008-11-26," Segal, Erich","Love Story Historia de amor (Novela)"," Argentina : EMECE Ed. S.A., 1970. ","ISBN :",,"Pucci Nelida",Disponible,
2008-11-26," Allende, Isabel","La casa de los espíritus"," Agentina : Ed. SUDAMERICANA, 1991. ","ISBN : 950-07-0291-6",,"Pucci Nelida",,
2008-11-26," Segal, Erich","Love Story Historia de amor (Novela)"," Argentina : EMECE Ed. S.A., 1970. ","ISBN :",,"Pucci Nelida",Disponible,
